conf,supp,elapsed_time,rule_count
0.003,0.02,95.86970591545105,98325
0.003,0.02,21.146922826766968,47024
0.003,0.02,3.0659379959106445,15852
0.003,0.02,0.21779823303222656,3453
0.003,0.02,0.01439976692199707,448
0.003,0.02,0.0008921623229980469,30
